Maharashtra,15.58%,13.59%,15.54%,13.18%,15.28%,13.47%,15.14%,13.66%,14.61%,13.43%,15.00%,13.74%,15.21%,13.72%,15.33%,13.81%,15.17%,13.35%,15.57%,14.38%,15.22%,13.49%,15.23%,13.48%,15.38%,13.48%,15.09%,13.10%,15.44%,13.59%,15.48%,13.65%,15.28%,13.55%,15.35%,13.71%,15.34%,13.62%,15.58%,13.83%,15.91%,14.22%,15.98%,14.07%,15.73%,14.35%,16.01%,14.15%,16.13%,14.02%,15.97%,13.99%,16.00%,14.20%,16.01%,14.25%,16.11%,14.60%,16.01%,14.49%,16.03%,14.44%,16.22%,14.77%,16.19%,14.59%,16.31%,15.08%,15.98%,14.29%,16.53%,14.85%,16.63%,14.82%,16.43%,14.70%,16.01%,14.63%,15.10%,14.36%,14.39%,13.74%
Tamil Nadu,11.44%,12.01%,12.87%,12.13%,12.99%,11.52%,13.49%,11.90%,13.98%,12.46%,13.66%,12.39%,13.41%,12.07%,13.21%,11.90%,12.82%,11.78%,13.00%,11.67%,12.73%,11.16%,12.82%,11.52%,12.66%,11.26%,12.52%,10.94%,12.66%,11.07%,12.98%,11.26%,13.11%,11.78%,13.01%,11.82%,13.01%,11.62%,12.81%,11.60%,13.02%,11.88%,12.50%,11.20%,12.51%,11.04%,12.69%,11.33%,12.70%,11.30%,12.80%,11.34%,12.74%,11.28%,12.35%,10.97%,12.53%,11.18%,12.89%,11.70%,11.95%,10.64%,11.94%,10.72%,12.20%,11.09%,12.09%,10.84%,12.29%,10.95%,12.25%,11.06%,12.22%,11.00%,12.54%,11.25%,13.10%,11.55%,12.89%,11.70%,13.59%,12.03%
Karnataka,8.73%,8.01%,8.77%,7.97%,8.93%,8.16%,8.78%,8.12%,8.92%,8.35%,8.95%,8.28%,9.11%,8.41%,9.00%,8.37%,8.88%,8.12%,8.66%,7.77%,8.91%,8.07%,8.96%,8.18%,8.86%,8.16%,8.85%,8.17%,8.91%,8.31%,8.69%,8.07%,8.58%,7.96%,8.89%,8.21%,8.93%,8.21%,8.99%,8.33%,8.97%,8.38%,8.76%,8.01%,8.75%,7.92%,8.99%,8.22%,9.10%,8.27%,9.01%,8.24%,9.02%,8.29%,8.75%,8.11%,8.84%,8.26%,8.74%,8.10%,8.76%,8.11%,8.71%,8.13%,8.72%,8.14%,8.35%,7.63%,8.56%,8.00%,8.53%,8.02%,8.54%,8.02%,8.31%,7.77%,8.29%,7.92%,7.90%,7.85%,8.34%,8.02%
Uttar Pradesh,8.12%,9.39%,8.03%,9.64%,8.38%,9.54%,8.42%,9.89%,8.01%,9.61%,8.02%,9.50%,7.92%,9.26%,7.95%,9.13%,7.96%,9.09%,8.27%,9.62%,8.33%,9.87%,8.09%,9.34%,8.03%,9.19%,8.53%,10.01%,8.14%,9.41%,8.11%,9.57%,8.33%,9.68%,8.19%,9.44%,7.99%,9.24%,7.93%,9.01%,7.91%,8.93%,8.15%,9.35%,8.35%,9.74%,8.08%,9.31%,7.97%,9.23%,8.22%,9.56%,8.25%,9.57%,8.40%,9.68%,8.54%,9.83%,8.36%,9.55%,7.96%,9.13%,8.05%,9.07%,7.86%,8.76%,8.40%,9.59%,8.30%,9.59%,7.95%,8.96%,8.01%,9.00%,8.39%,9.53%,8.36%,9.43%,7.97%,8.70%,8.14%,8.90%
West Bengal,5.84%,5.53%,5.03%,5.20%,5.13%,5.30%,5.21%,5.19%,4.98%,4.86%,4.93%,4.86%,4.73%,4.76%,4.82%,4.97%,5.31%,5.76%,4.68%,4.63%,4.89%,4.98%,4.94%,5.09%,4.92%,5.04%,4.88%,5.04%,4.83%,5.05%,4.92%,5.02%,4.58%,4.65%,4.80%,4.94%,4.67%,4.81%,4.62%,4.79%,4.64%,4.96%,4.75%,5.10%,4.72%,4.82%,4.66%,4.93%,4.63%,4.96%,4.55%,4.85%,4.62%,4.98%,4.66%,4.98%,4.51%,4.79%,4.62%,4.90%,4.60%,4.89%,4.67%,5.00%,4.97%,5.50%,4.66%,4.88%,4.82%,5.14%,4.82%,5.13%,4.72%,5.03%,4.69%,5.11%,4.99%,5.39%,6.12%,6.57%,5.05%,5.20%
Kerala,4.56%,3.98%,4.46%,4.07%,4.70%,4.41%,4.47%,4.39%,4.50%,4.53%,4.42%,4.49%,4.51%,4.57%,4.88%,5.34%,4.20%,4.31%,4.22%,4.21%,4.33%,4.41%,4.45%,4.50%,4.41%,4.49%,4.27%,4.22%,4.35%,4.34%,4.33%,4.26%,4.48%,4.58%,4.32%,4.35%,4.37%,4.44%,4.45%,4.88%,4.38%,4.50%,4.29%,4.33%,4.49%,4.41%,4.70%,4.81%,4.66%,4.74%,4.58%,4.56%,4.52%,4.55%,4.58%,4.61%,4.54%,4.64%,4.53%,4.54%,4.58%,4.63%,4.50%,4.68%,4.71%,4.93%,4.36%,4.21%,4.82%,4.79%,4.88%,4.92%,4.80%,4.78%,4.72%,4.64%,4.45%,4.37%,4.65%,4.39%,4.91%,5.07%
Telangana,4.72%,4.89%,4.88%,4.79%,3.71%,4.11%,3.65%,3.96%,4.05%,4.20%,4.51%,4.66%,4.80%,4.95%,4.73%,4.81%,4.86%,4.92%,4.64%,4.43%,4.98%,4.91%,5.23%,5.34%,5.05%,5.15%,5.07%,5.07%,5.02%,5.04%,4.59%,4.65%,4.60%,4.57%,4.91%,4.95%,4.94%,4.94%,4.87%,4.85%,4.80%,4.78%,4.85%,4.77%,4.95%,4.78%,4.92%,4.95%,4.75%,4.68%,4.89%,4.82%,4.91%,4.73%,4.74%,4.52%,4.78%,4.53%,4.98%,4.92%,4.87%,4.75%,4.73%,4.60%,4.77%,4.60%,4.50%,4.24%,4.72%,4.52%,4.78%,4.71%,4.71%,4.66%,4.76%,4.69%,4.71%,4.60%,4.55%,4.56%,4.73%,4.75%
Andhra Pradesh,4.59%,4.43%,4.31%,4.28%,4.26%,4.53%,3.80%,4.03%,3.96%,4.00%,4.04%,4.12%,4.14%,4.34%,3.97%,4.12%,4.04%,4.17%,3.91%,3.82%,3.97%,3.99%,4.22%,4.28%,4.39%,4.74%,4.28%,4.59%,4.27%,4.52%,4.12%,4.27%,4.22%,4.42%,4.31%,4.55%,4.40%,4.60%,4.30%,4.50%,4.29%,4.41%,4.22%,4.26%,4.25%,4.08%,4.33%,4.32%,4.33%,4.38%,4.24%,4.23%,4.13%,4.07%,4.03%,4.07%,4.19%,4.08%,4.21%,4.19%,3.95%,3.88%,3.99%,3.87%,4.13%,3.98%,4.06%,3.86%,4.13%,3.99%,4.17%,4.09%,4.41%,4.58%,4.12%,4.07%,4.28%,4.23%,4.45%,4.77%,4.66%,4.80%
Gujarat,4.27%,5.06%,4.29%,4.95%,4.42%,4.97%,4.47%,4.80%,4.43%,4.69%,4.44%,4.54%,4.38%,4.48%,4.59%,4.76%,4.75%,4.83%,4.83%,5.23%,4.51%,4.63%,4.53%,4.68%,4.81%,4.99%,4.77%,4.99%,4.73%,4.87%,4.66%,4.86%,4.59%,4.76%,4.61%,4.70%,4.62%,4.72%,4.84%,5.00%,4.73%,4.84%,4.87%,5.05%,4.56%,4.87%,4.56%,4.66%,4.85%,5.07%,4.77%,4.98%,4.68%,4.87%,4.72%,4.93%,4.61%,4.81%,4.53%,4.65%,4.65%,4.77%,4.73%,4.91%,4.75%,4.87%,5.07%,5.44%,4.42%,4.45%,4.74%,4.88%,4.86%,5.04%,4.75%,4.90%,4.92%,5.13%,4.64%,4.62%,4.44%,4.45%
Rajasthan,3.67%,4.23%,3.64%,4.13%,3.64%,3.98%,3.63%,3.89%,3.62%,3.84%,3.52%,3.74%,3.55%,3.81%,3.59%,3.83%,3.56%,3.80%,3.66%,4.13%,3.62%,4.04%,3.48%,3.77%,3.51%,3.82%,3.55%,3.87%,3.41%,3.69%,3.55%,3.87%,3.59%,3.89%,3.50%,3.76%,3.64%,3.91%,3.68%,3.89%,3.64%,3.80%,3.64%,3.82%,3.70%,4.10%,3.60%,3.84%,3.77%,4.01%,3.79%,3.99%,3.76%,3.97%,3.86%,4.04%,3.91%,4.05%,3.82%,3.90%,3.97%,4.13%,3.95%,4.08%,3.83%,3.97%,3.88%,4.09%,3.90%,4.10%,3.87%,3.94%,3.85%,3.92%,3.85%,3.94%,3.70%,3.90%,3.71%,3.54%,3.72%,3.64%
Bihar,3.15%,3.17%,3.18%,3.47%,3.34%,3.96%,3.22%,3.72%,3.20%,3.84%,3.20%,3.69%,2.99%,3.34%,2.78%,2.98%,3.00%,3.29%,3.14%,3.45%,3.13%,3.50%,3.04%,3.28%,2.97%,3.19%,3.28%,3.70%,3.18%,3.72%,3.11%,3.73%,3.27%,3.66%,3.24%,3.59%,3.05%,3.38%,2.97%,3.26%,2.95%,3.23%,3.05%,3.38%,3.35%,3.68%,3.01%,3.30%,2.85%,3.16%,2.95%,3.35%,3.11%,3.58%,3.17%,3.59%,3.28%,3.75%,3.19%,3.63%,2.89%,3.28%,2.95%,3.26%,2.80%,3.10%,3.12%,3.45%,3.26%,3.67%,3.01%,3.33%,3.02%,3.29%,3.11%,3.48%,3.22%,3.54%,3.79%,4.07%,3.49%,3.78%
Madhya Pradesh,4.01%,3.30%,3.80%,3.35%,3.67%,3.45%,3.61%,3.42%,3.48%,3.28%,3.36%,3.12%,3.33%,3.12%,3.33%,3.07%,3.25%,2.99%,3.39%,3.23%,3.31%,3.12%,3.26%,3.03%,3.36%,3.16%,3.45%,3.24%,3.38%,3.18%,3.40%,3.36%,3.35%,3.20%,3.35%,3.28%,3.39%,3.25%,3.46%,3.26%,3.43%,3.21%,3.50%,3.38%,3.45%,3.31%,3.44%,3.26%,3.43%,3.28%,3.51%,3.34%,3.43%,3.29%,3.60%,3.47%,3.50%,3.32%,3.39%,3.21%,3.41%,3.22%,3.39%,3.14%,3.32%,3.06%,3.54%,3.36%,3.41%,3.19%,3.46%,3.22%,3.53%,3.30%,3.52%,3.30%,3.43%,3.13%,3.25%,3.13%,3.38%,3.41%
Delhi,4.38%,5.29%,4.47%,5.37%,4.40%,4.83%,4.63%,4.98%,4.55%,4.81%,4.47%,4.75%,4.62%,5.06%,4.62%,5.06%,4.59%,5.01%,4.60%,5.06%,4.60%,5.15%,4.45%,4.89%,4.37%,4.76%,4.39%,4.80%,4.36%,4.78%,4.47%,4.85%,4.40%,4.71%,4.28%,4.55%,4.37%,4.80%,4.39%,4.79%,4.37%,4.84%,4.39%,4.84%,4.26%,4.76%,4.30%,4.78%,4.24%,4.72%,4.18%,4.72%,4.07%,4.57%,4.20%,4.70%,4.06%,4.45%,3.93%,4.31%,4.04%,4.51%,4.06%,4.52%,4.18%,4.65%,4.09%,4.53%,3.98%,4.50%,3.91%,4.35%,3.84%,4.28%,3.84%,4.27%,3.74%,4.23%,3.43%,3.50%,3.36%,3.47%
Odisha,2.82%,2.20%,2.60%,2.15%,2.71%,2.30%,2.65%,2.27%,2.52%,2.13%,2.49%,2.17%,2.38%,2.07%,2.36%,1.97%,2.44%,2.14%,2.31%,1.93%,2.37%,1.99%,2.36%,2.06%,2.43%,2.20%,2.43%,2.22%,2.52%,2.34%,2.69%,2.51%,2.59%,2.38%,2.53%,2.38%,2.49%,2.33%,2.37%,2.10%,2.41%,2.14%,2.44%,2.23%,2.55%,2.21%,2.46%,2.24%,2.55%,2.43%,2.58%,2.46%,2.60%,2.44%,2.48%,2.25%,2.23%,2.15%,2.50%,2.37%,2.48%,2.35%,2.46%,2.23%,2.47%,2.25%,2.46%,2.26%,2.68%,2.45%,2.64%,2.48%,2.64%,2.54%,2.54%,2.45%,2.65%,2.50%,3.05%,2.69%,3.12%,2.77%
Punjab,2.03%,2.56%,1.96%,2.58%,2.26%,2.79%,2.46%,2.83%,2.55%,2.89%,2.50%,2.86%,2.62%,3.04%,2.56%,2.95%,2.68%,3.06%,2.72%,3.15%,2.71%,3.29%,2.63%,3.16%,2.59%,3.10%,2.54%,2.95%,2.59%,2.97%,2.54%,2.85%,2.65%,3.02%,2.51%,2.82%,2.62%,3.03%,2.67%,3.03%,2.63%,3.01%,2.71%,3.15%,2.68%,3.15%,2.55%,3.04%,2.56%,3.07%,2.54%,2.99%,2.57%,2.98%,2.64%,3.03%,2.61%,2.96%,2.51%,2.89%,2.54%,2.98%,2.57%,2.97%,2.70%,3.12%,2.75%,3.17%,2.70%,3.25%,2.60%,3.09%,2.58%,3.07%,2.61%,3.05%,2.58%,2.98%,2.56%,3.01%,2.76%,3.27%
Haryana,2.43%,3.08%,2.46%,3.20%,2.70%,3.23%,2.82%,3.25%,2.83%,3.21%,2.81%,3.16%,2.94%,3.41%,2.84%,3.27%,2.89%,3.32%,2.94%,3.43%,2.92%,3.46%,2.82%,3.30%,2.80%,3.22%,2.82%,3.24%,2.80%,3.17%,2.81%,3.15%,2.84%,3.20%,2.80%,3.11%,2.89%,3.29%,2.94%,3.33%,2.88%,3.29%,2.88%,3.31%,2.84%,3.31%,2.81%,3.26%,2.79%,3.24%,2.78%,3.25%,2.77%,3.19%,2.90%,3.31%,2.82%,3.20%,2.80%,3.16%,2.90%,3.33%,2.90%,3.30%,2.94%,3.32%,2.95%,3.35%,2.85%,3.35%,2.78%,3.20%,2.76%,3.18%,2.80%,3.22%,2.83%,3.23%,2.81%,3.14%,2.72%,3.13%
Chattisgarh,1.34%,1.10%,1.28%,1.11%,1.25%,1.15%,1.24%,1.19%,1.25%,1.22%,1.20%,1.17%,1.18%,1.14%,1.23%,1.15%,1.20%,1.15%,1.23%,1.25%,1.15%,1.11%,1.16%,1.15%,1.21%,1.25%,1.18%,1.18%,1.16%,1.16%,1.22%,1.22%,1.23%,1.23%,1.26%,1.30%,1.24%,1.26%,1.18%,1.17%,1.21%,1.21%,1.19%,1.21%,1.16%,1.19%,1.18%,1.24%,1.22%,1.35%,1.22%,1.33%,1.20%,1.27%,1.21%,1.25%,1.20%,1.22%,1.21%,1.24%,1.23%,1.27%,1.22%,1.20%,1.18%,1.17%,1.27%,1.29%,1.20%,1.15%,1.26%,1.27%,1.28%,1.33%,1.29%,1.34%,1.26%,1.24%,1.49%,1.41%,1.60%,1.56%
Assam,1.44%,1.41%,1.38%,1.40%,1.40%,1.45%,1.39%,1.44%,1.33%,1.31%,1.30%,1.29%,1.27%,1.30%,1.27%,1.30%,1.35%,1.48%,1.23%,1.25%,1.33%,1.42%,1.35%,1.50%,1.39%,1.59%,1.34%,1.52%,1.35%,1.53%,1.33%,1.47%,1.28%,1.35%,1.28%,1.33%,1.27%,1.36%,1.26%,1.33%,1.20%,1.29%,1.24%,1.37%,1.23%,1.31%,1.21%,1.33%,1.20%,1.38%,1.22%,1.37%,1.25%,1.39%,1.25%,1.41%,1.21%,1.28%,1.23%,1.28%,1.22%,1.32%,1.27%,1.38%,1.33%,1.47%,1.25%,1.31%,1.29%,1.38%,1.13%,1.30%,1.27%,1.43%,1.29%,1.45%,1.24%,1.37%,1.46%,1.37%,1.47%,1.48%
Jharkhand,1.44%,1.33%,1.40%,1.35%,1.41%,1.43%,1.42%,1.47%,1.46%,1.51%,1.42%,1.49%,1.33%,1.36%,1.33%,1.33%,1.39%,1.46%,1.31%,1.35%,1.32%,1.36%,1.33%,1.38%,1.38%,1.42%,1.44%,1.54%,1.40%,1.52%,1.39%,1.55%,1.39%,1.49%,1.38%,1.50%,1.35%,1.43%,1.33%,1.37%,1.33%,1.40%,1.38%,1.50%,1.35%,1.41%,1.31%,1.41%,1.29%,1.37%,1.29%,1.37%,1.30%,1.42%,1.31%,1.41%,1.32%,1.42%,1.33%,1.41%,1.31%,1.39%,1.32%,1.36%,1.32%,1.39%,1.34%,1.42%,1.33%,1.40%,1.32%,1.38%,1.33%,1.39%,1.35%,1.45%,1.37%,1.48%,1.37%,1.44%,1.31%,1.33%
Uttarakhand,0.99%,1.14%,1.04%,1.18%,1.11%,1.19%,1.11%,1.24%,1.12%,1.25%,1.15%,1.30%,1.09%,1.22%,1.07%,1.22%,1.11%,1.21%,1.17%,1.35%,1.17%,1.35%,1.12%,1.28%,1.10%,1.26%,1.10%,1.26%,1.11%,1.26%,1.09%,1.25%,1.17%,1.33%,1.13%,1.25%,1.10%,1.22%,1.09%,1.20%,1.09%,1.20%,1.14%,1.28%,1.13%,1.31%,1.12%,1.25%,1.07%,1.18%,1.06%,1.16%,1.09%,1.19%,1.12%,1.22%,1.15%,1.25%,1.14%,1.25%,1.10%,1.17%,1.09%,1.16%,1.11%,1.18%,1.16%,1.27%,1.11%,1.22%,1.10%,1.18%,1.04%,1.11%,1.07%,1.13%,1.05%,1.11%,0.93%,0.96%,1.02%,1.08%
Himachal Pradesh,0.61%,0.64%,0.67%,0.73%,0.74%,0.77%,0.74%,0.79%,0.77%,0.81%,0.80%,0.88%,0.76%,0.83%,0.75%,0.82%,0.77%,0.85%,0.79%,0.90%,0.76%,0.86%,0.75%,0.83%,0.72%,0.80%,0.71%,0.79%,0.75%,0.82%,0.74%,0.79%,0.77%,0.84%,0.78%,0.85%,0.75%,0.81%,0.73%,0.79%,0.71%,0.78%,0.74%,0.83%,0.75%,0.84%,0.73%,0.80%,0.69%,0.76%,0.68%,0.75%,0.72%,0.78%,0.76%,0.82%,0.75%,0.80%,0.78%,0.85%,0.74%,0.80%,0.73%,0.78%,0.76%,0.82%,0.80%,0.88%,0.75%,0.82%,0.75%,0.80%,0.69%,0.73%,0.71%,0.76%,0.67%,0.71%,0.59%,0.68%,0.68%,0.79%
Jammu & Kashmir,0.78%,0.71%,0.79%,0.75%,0.78%,0.75%,0.81%,0.81%,0.82%,0.82%,0.87%,0.96%,0.80%,0.87%,0.66%,0.75%,0.47%,0.51%,0.55%,0.60%,0.78%,0.89%,0.75%,0.84%,0.71%,0.75%,0.72%,0.75%,0.74%,0.76%,0.78%,0.82%,0.75%,0.80%,0.77%,0.83%,0.77%,0.84%,0.74%,0.83%,0.73%,0.83%,0.73%,0.84%,0.70%,0.77%,0.70%,0.77%,0.66%,0.70%,0.61%,0.67%,0.66%,0.69%,0.73%,0.78%,0.71%,0.74%,0.75%,0.82%,0.75%,0.82%,0.60%,0.76%,0.64%,0.78%,0.70%,0.84%,0.68%,0.84%,0.68%,0.80%,0.63%,0.70%,0.66%,0.74%,0.62%,0.69%,0.62%,0.75%,0.65%,0.76%
OTHERS,1.02%,1.01%,1.19%,1.12%,0.82%,0.82%,0.87%,0.86%,1.07%,1.02%,0.97%,0.91%,0.98%,0.93%,1.17%,1.13%,1.32%,1.34%,1.24%,1.22%,0.98%,0.92%,0.97%,0.96%,1.00%,0.95%,0.91%,0.91%,1.01%,0.99%,1.10%,1.08%,1.02%,1.00%,0.93%,0.92%,0.89%,0.96%,0.89%,0.90%,0.85%,0.87%,0.69%,0.72%,0.59%,0.63%,0.70%,0.69%,0.67%,0.70%,0.69%,0.71%,0.74%,0.71%,0.70%,0.69%,0.70%,0.74%,0.70%,0.69%,2.24%,2.25%,2.08%,2.13%,1.23%,1.26%,1.04%,1.06%,0.92%,0.94%,0.92%,0.89%,0.82%,0.83%,0.81%,0.78%,0.73%,0.74%,0.82%,0.81%,0.55%,0.55%
Goa,0.55%,0.42%,0.52%,0.41%,0.51%,0.41%,0.50%,0.42%,0.50%,0.44%,0.49%,0.42%,0.49%,0.43%,0.50%,0.47%,0.47%,0.42%,0.50%,0.45%,0.51%,0.47%,0.53%,0.50%,0.52%,0.48%,0.48%,0.43%,0.47%,0.42%,0.45%,0.41%,0.47%,0.43%,0.45%,0.40%,0.45%,0.40%,0.46%,0.42%,0.47%,0.44%,0.47%,0.43%,0.48%,0.45%,0.50%,0.49%,0.50%,0.47%,0.48%,0.45%,0.46%,0.44%,0.44%,0.42%,0.45%,0.43%,0.44%,0.41%,0.42%,0.39%,0.44%,0.43%,0.42%,0.39%,0.43%,0.40%,0.46%,0.44%,0.49%,0.49%,0.46%,0.44%,0.45%,0.43%,0.42%,0.39%,0.43%,0.37%,0.47%,0.40%
Pondicherry,0.26%,0.27%,0.28%,0.26%,0.27%,0.23%,0.29%,0.26%,0.30%,0.27%,0.29%,0.26%,0.27%,0.24%,0.27%,0.24%,0.27%,0.24%,0.26%,0.23%,0.26%,0.22%,0.27%,0.23%,0.26%,0.23%,0.25%,0.21%,0.25%,0.21%,0.27%,0.22%,0.27%,0.23%,0.27%,0.23%,0.27%,0.23%,0.26%,0.24%,0.27%,0.24%,0.26%,0.22%,0.27%,0.22%,0.27%,0.23%,0.26%,0.23%,0.26%,0.22%,0.25%,0.22%,0.25%,0.21%,0.26%,0.22%,0.25%,0.23%,0.24%,0.21%,0.24%,0.21%,0.25%,0.22%,0.25%,0.22%,0.24%,0.21%,0.25%,0.22%,0.24%,0.21%,0.24%,0.21%,0.25%,0.22%,0.26%,0.23%,0.26%,0.22%
Chandigarh,0.41%,0.39%,0.40%,0.38%,0.37%,0.34%,0.37%,0.34%,0.37%,0.32%,0.34%,0.32%,0.37%,0.36%,0.35%,0.33%,0.37%,0.34%,0.36%,0.34%,0.37%,0.35%,0.38%,0.36%,0.35%,0.33%,0.34%,0.31%,0.35%,0.32%,0.34%,0.31%,0.35%,0.32%,0.33%,0.30%,0.35%,0.33%,0.35%,0.32%,0.34%,0.32%,0.35%,0.32%,0.34%,0.32%,0.34%,0.32%,0.34%,0.32%,0.34%,0.32%,0.33%,0.30%,0.34%,0.31%,0.33%,0.29%,0.31%,0.29%,0.32%,0.30%,0.32%,0.30%,0.33%,0.30%,0.32%,0.30%,0.32%,0.30%,0.31%,0.29%,0.30%,0.28%,0.30%,0.28%,0.28%,0.26%,0.19%,0.18%,0.21%,0.20%
Tripura,0.18%,0.19%,0.18%,0.20%,0.19%,0.21%,0.18%,0.19%,0.17%,0.17%,0.19%,0.20%,0.17%,0.17%,0.18%,0.20%,0.22%,0.29%,0.17%,0.18%,0.19%,0.22%,0.19%,0.23%,0.20%,0.24%,0.19%,0.22%,0.19%,0.24%,0.20%,0.23%,0.18%,0.20%,0.17%,0.19%,0.19%,0.22%,0.18%,0.21%,0.17%,0.21%,0.17%,0.21%,0.16%,0.19%,0.16%,0.21%,0.17%,0.22%,0.17%,0.21%,0.16%,0.21%,0.17%,0.21%,0.16%,0.19%,0.16%,0.20%,0.16%,0.20%,0.17%,0.21%,0.18%,0.23%,0.17%,0.19%,0.16%,0.20%,0.15%,0.19%,0.17%,0.21%,0.17%,0.21%,0.18%,0.22%,0.21%,0.27%,0.19%,0.24%
Manipur,0.18%,0.22%,0.12%,0.16%,0.11%,0.15%,0.12%,0.15%,0.11%,0.15%,0.12%,0.17%,0.12%,0.17%,0.12%,0.16%,0.12%,0.17%,0.13%,0.19%,0.11%,0.16%,0.13%,0.19%,0.11%,0.16%,0.11%,0.16%,0.11%,0.15%,0.11%,0.15%,0.12%,0.17%,0.12%,0.17%,0.11%,0.16%,0.11%,0.17%,0.12%,0.18%,0.12%,0.18%,0.14%,0.20%,0.13%,0.20%,0.12%,0.18%,0.12%,0.17%,0.15%,0.20%,0.12%,0.16%,0.16%,0.21%,0.15%,0.20%,0.14%,0.20%,0.14%,0.19%,0.14%,0.20%,0.14%,0.21%,0.14%,0.19%,0.15%,0.23%,0.14%,0.20%,0.14%,0.20%,0.13%,0.19%,0.20%,0.27%,0.18%,0.25%
Sikkim,0.09%,0.09%,0.09%,0.09%,0.10%,0.10%,0.10%,0.10%,0.11%,0.11%,0.11%,0.11%,0.10%,0.11%,0.10%,0.10%,0.11%,0.12%,0.09%,0.09%,0.10%,0.10%,0.11%,0.11%,0.10%,0.10%,0.10%,0.10%,0.10%,0.10%,0.11%,0.10%,0.11%,0.11%,0.11%,0.11%,0.11%,0.11%,0.11%,0.11%,0.11%,0.11%,0.10%,0.13%,0.10%,0.11%,0.10%,0.11%,0.10%,0.11%,0.10%,0.11%,0.10%,0.11%,0.10%,0.11%,0.11%,0.12%,0.11%,0.13%,0.11%,0.12%,0.11%,0.12%,0.12%,0.14%,0.10%,0.12%,0.11%,0.12%,0.11%,0.13%,0.10%,0.11%,0.10%,0.11%,0.11%,0.11%,0.10%,0.10%,0.13%,0.13%
Meghalaya,0.11%,0.09%,0.11%,0.10%,0.11%,0.11%,0.11%,0.10%,0.12%,0.11%,0.12%,0.11%,0.12%,0.12%,0.12%,0.12%,0.12%,0.12%,0.12%,0.11%,0.12%,0.12%,0.12%,0.14%,0.10%,0.11%,0.10%,0.11%,0.11%,0.11%,0.11%,0.11%,0.11%,0.11%,0.11%,0.11%,0.11%,0.11%,0.11%,0.11%,0.11%,0.11%,0.11%,0.12%,0.11%,0.11%,0.11%,0.13%,0.09%,0.10%,0.10%,0.11%,0.10%,0.11%,0.11%,0.11%,0.11%,0.11%,0.11%,0.11%,0.11%,0.12%,0.11%,0.12%,0.11%,0.12%,0.11%,0.11%,0.12%,0.12%,0.11%,0.13%,0.10%,0.11%,0.11%,0.12%,0.10%,0.11%,0.11%,0.12%,0.11%,0.11%
Mizoram,0.06%,0.06%,0.07%,0.08%,0.08%,0.09%,0.07%,0.08%,0.08%,0.09%,0.07%,0.08%,0.08%,0.09%,0.08%,0.09%,0.08%,0.09%,0.07%,0.08%,0.08%,0.10%,0.08%,0.11%,0.07%,0.08%,0.08%,0.09%,0.08%,0.09%,0.08%,0.09%,0.08%,0.10%,0.08%,0.09%,0.08%,0.10%,0.09%,0.10%,0.09%,0.11%,0.09%,0.11%,0.09%,0.11%,0.09%,0.13%,0.07%,0.09%,0.08%,0.11%,0.09%,0.12%,0.08%,0.11%,0.09%,0.11%,0.09%,0.11%,0.09%,0.12%,0.09%,0.12%,0.09%,0.11%,0.09%,0.11%,0.10%,0.14%,0.10%,0.15%,0.08%,0.11%,0.09%,0.12%,0.09%,0.12%,0.10%,0.14%,0.11%,0.15%
Nagaland,0.06%,0.06%,0.05%,0.06%,0.06%,0.08%,0.07%,0.10%,0.07%,0.10%,0.07%,0.09%,0.07%,0.09%,0.07%,0.09%,0.07%,0.09%,0.07%,0.08%,0.07%,0.10%,0.08%,0.11%,0.07%,0.10%,0.06%,0.08%,0.07%,0.09%,0.07%,0.09%,0.07%,0.10%,0.07%,0.09%,0.07%,0.09%,0.07%,0.10%,0.07%,0.10%,0.07%,0.10%,0.08%,0.11%,0.07%,0.11%,0.07%,0.10%,0.07%,0.10%,0.07%,0.10%,0.07%,0.10%,0.07%,0.10%,0.07%,0.10%,0.08%,0.10%,0.08%,0.10%,0.08%,0.10%,0.07%,0.10%,0.08%,0.11%,0.08%,0.12%,0.07%,0.11%,0.08%,0.11%,0.08%,0.11%,0.07%,0.11%,0.08%,0.12%
Arunachal Pradesh,0.04%,0.05%,0.04%,0.05%,0.05%,0.06%,0.04%,0.05%,0.05%,0.06%,0.05%,0.06%,0.05%,0.06%,0.05%,0.06%,0.05%,0.06%,0.05%,0.06%,0.06%,0.07%,0.05%,0.07%,0.05%,0.07%,0.05%,0.06%,0.05%,0.06%,0.05%,0.06%,0.06%,0.07%,0.05%,0.06%,0.06%,0.07%,0.06%,0.07%,0.05%,0.06%,0.05%,0.06%,0.05%,0.06%,0.05%,0.06%,0.05%,0.06%,0.04%,0.05%,0.04%,0.06%,0.04%,0.05%,0.05%,0.06%,0.05%,0.06%,0.05%,0.07%,0.06%,0.07%,0.06%,0.07%,0.05%,0.06%,0.06%,0.07%,0.06%,0.08%,0.05%,0.07%,0.05%,0.07%,0.05%,0.06%,0.05%,0.06%,0.06%,0.07%
Daman & Diu,0.05%,0.06%,0.05%,0.06%,0.06%,0.06%,0.06%,0.06%,0.06%,0.06%,0.07%,0.06%,0.07%,0.06%,0.07%,0.06%,0.07%,0.07%,0.08%,0.08%,0.07%,0.07%,0.07%,0.06%,0.07%,0.07%,0.07%,0.07%,0.06%,0.06%,0.06%,0.06%,0.06%,0.06%,0.06%,0.06%,0.06%,0.06%,0.06%,0.06%,0.06%,0.06%,0.06%,0.06%,0.07%,0.07%,0.06%,0.06%,0.06%,0.06%,0.06%,0.06%,0.06%,0.06%,0.06%,0.06%,0.06%,0.06%,0.06%,0.06%,0.06%,0.06%,0.06%,0.06%,0.06%,0.06%,0.07%,0.07%,0.06%,0.06%,0.06%,0.06%,0.06%,0.06%,0.06%,0.06%,0.06%,0.06%,0.07%,0.06%,0.06%,0.06%
Andaman & Nicobar Islands,0.05%,0.04%,0.05%,0.04%,0.05%,0.04%,0.05%,0.04%,0.04%,0.04%,0.04%,0.04%,0.04%,0.04%,0.04%,0.04%,0.04%,0.05%,0.04%,0.05%,0.04%,0.05%,0.05%,0.05%,0.04%,0.05%,0.04%,0.05%,0.04%,0.05%,0.04%,0.05%,0.04%,0.04%,0.04%,0.04%,0.04%,0.04%,0.04%,0.04%,0.05%,0.05%,0.05%,0.05%,0.05%,0.05%,0.05%,0.05%,0.05%,0.05%,0.04%,0.05%,0.04%,0.05%,0.04%,0.05%,0.04%,0.04%,0.04%,0.04%,0.04%,0.04%,0.04%,0.04%,0.04%,0.05%,0.04%,0.05%,0.04%,0.05%,0.04%,0.05%,0.04%,0.05%,0.04%,0.05%,0.04%,0.04%,0.04%,0.04%,0.04%,0.05%
Dadra & Nagar Haveli,0.00%,0.00%,0.00%,0.01%,0.01%,0.01%,0.01%,0.01%,0.01%,0.01%,0.01%,0.01%,0.00%,0.00%,0.01%,0.00%,0.00%,0.00%,0.00%,0.00%,0.00%,0.00%,0.00%,0.00%,0.01%,0.01%,0.01%,0.01%,0.01%,0.01%,0.01%,0.01%,0.01%,0.01%,0.01%,0.01%,0.01%,0.01%,0.01%,0.01%,0.01%,0.01%,0.01%,0.01%,0.01%,0.01%,0.01%,0.01%,0.01%,0.01%,0.01%,0.01%,0.01%,0.01%,0.01%,0.01%,0.01%,0.01%,0.01%,0.01%,0.01%,0.01%,0.01%,0.01%,0.01%,0.01%,0.01%,0.01%,0.01%,0.01%,0.01%,0.01%,0.01%,0.01%,0.01%,0.01%,0.01%,0.01%,0.02%,0.02%,0.02%,0.01%
Lakshadweep,0.00%,0.00%,0.00%,0.00%,0.00%,0.00%,0.00%,0.00%,0.00%,0.00%,0.00%,0.00%,0.00%,0.00%,0.00%,0.00%,0.00%,0.00%,0.00%,0.00%,0.00%,0.00%,0.00%,0.00%,0.00%,0.00%,0.00%,0.00%,0.00%,0.00%,0.00%,0.00%,0.00%,0.00%,0.00%,0.00%,0.00%,0.00%,0.00%,0.00%,0.00%,0.00%,0.00%,0.00%,0.00%,0.00%,0.00%,0.00%,0.00%,0.00%,0.00%,0.00%,0.00%,0.00%,0.00%,0.00%,0.00%,0.00%,0.00%,0.00%,0.00%,0.00%,0.00%,0.00%,0.00%,0.00%,0.00%,0.00%,0.00%,0.00%,0.00%,0.00%,0.00%,0.00%,0.00%,0.00%,0.00%,0.00%,0.00%,0.01%,0.00%,0.01%