Maharashtra,18.13%,15.83%,18.03%,16.19%,19.14%,17.98%,19.91%,18.44%,22.19%,19.17%,21.64%,18.11%,19.52%,17.75%,20.28%,17.96%,20.73%,17.78%,25.22%,20.68%,22.75%,17.92%,20.62%,17.83%,15.97%,16.94%,15.75%,17.40%,14.51%,17.64%,14.42%,17.27%,12.96%,16.94%,11.89%,16.60%,11.89%,16.57%,17.96%,17.33%,16.89%,17.61%,16.70%,17.96%,18.89%,19.03%,20.12%,17.63%,19.73%,16.81%,20.16%,17.37%,20.22%,17.57%,20.30%,17.66%,20.14%,17.44%,19.98%,17.28%,19.64%,17.06%,19.42%,17.55%,18.79%,16.65%,19.61%,18.64%,19.10%,16.85%,19.47%,17.26%,19.01%,16.53%,19.23%,16.45%,18.82%,16.42%,16.19%,17.93%,14.61%,14.37%
Tamil Nadu,13.23%,13.17%,11.48%,11.90%,10.56%,11.47%,10.33%,11.35%,9.78%,11.45%,9.30%,11.76%,8.92%,11.59%,8.48%,12.14%,7.55%,11.20%,7.95%,11.91%,6.85%,10.25%,7.59%,11.31%,8.49%,11.47%,7.84%,10.37%,7.57%,10.53%,7.22%,10.37%,7.03%,11.21%,6.58%,10.64%,7.04%,11.10%,9.97%,11.84%,9.35%,11.54%,9.61%,11.70%,10.51%,11.39%,11.61%,11.53%,12.33%,12.41%,12.26%,12.13%,12.30%,12.51%,12.39%,12.34%,12.70%,13.08%,12.53%,12.55%,12.64%,12.76%,12.55%,13.11%,12.17%,12.56%,12.72%,12.69%,11.93%,11.90%,12.13%,12.41%,12.24%,12.34%,12.20%,11.71%,13.05%,12.07%,12.68%,9.96%,14.29%,12.36%
Karnataka,8.08%,7.59%,8.66%,8.33%,8.94%,9.18%,8.69%,8.91%,8.03%,9.03%,8.02%,9.09%,7.94%,9.72%,7.32%,9.66%,6.78%,9.34%,6.52%,8.95%,6.69%,9.28%,7.01%,9.71%,8.01%,9.61%,7.84%,9.85%,7.92%,10.64%,7.24%,10.06%,6.49%,10.04%,6.43%,10.20%,6.79%,10.71%,10.91%,11.71%,10.42%,11.41%,10.14%,10.97%,11.08%,10.52%,12.57%,11.15%,12.97%,11.07%,13.11%,11.40%,13.17%,11.70%,12.66%,11.43%,12.92%,11.86%,12.86%,11.29%,12.91%,11.59%,12.80%,11.72%,12.40%,11.12%,12.20%,10.77%,12.20%,10.81%,12.12%,10.93%,11.99%,10.44%,12.24%,10.53%,12.50%,10.82%,11.34%,10.38%,13.14%,12.06%
Telangana,7.52%,6.96%,7.04%,6.73%,8.96%,8.37%,8.47%,7.99%,7.47%,7.88%,7.10%,8.60%,6.69%,8.12%,5.43%,6.60%,5.00%,6.67%,4.34%,5.52%,4.39%,5.90%,4.69%,6.30%,5.43%,6.50%,5.17%,6.58%,5.29%,6.89%,5.30%,6.90%,4.75%,7.00%,4.61%,7.54%,4.64%,7.00%,6.56%,6.84%,5.97%,6.35%,5.98%,6.56%,6.56%,6.24%,7.34%,7.03%,7.05%,6.50%,7.19%,6.70%,7.15%,6.57%,6.85%,6.12%,7.02%,6.45%,7.29%,7.29%,7.11%,6.95%,6.84%,6.58%,6.61%,6.30%,6.35%,5.98%,6.60%,6.14%,6.74%,6.50%,6.53%,6.26%,6.66%,6.08%,6.81%,6.19%,6.97%,6.91%,7.02%,6.73%
Uttar Pradesh,7.49%,8.62%,7.52%,8.55%,6.53%,7.27%,7.45%,8.73%,8.01%,10.03%,7.69%,9.00%,7.36%,7.80%,7.08%,7.61%,6.78%,7.65%,5.57%,8.47%,5.41%,9.03%,5.53%,7.93%,6.01%,7.92%,6.15%,8.85%,6.02%,8.18%,6.10%,9.25%,5.66%,8.58%,5.23%,8.03%,4.67%,7.19%,6.17%,7.17%,5.98%,7.33%,5.43%,7.42%,6.31%,8.37%,6.63%,7.93%,6.53%,7.97%,6.58%,8.19%,6.64%,7.94%,6.53%,7.89%,6.67%,7.91%,6.47%,7.53%,6.18%,7.11%,6.32%,7.14%,6.23%,7.01%,6.64%,7.89%,6.58%,8.40%,5.72%,7.06%,6.05%,7.46%,6.42%,7.81%,6.39%,7.59%,6.16%,7.94%,6.13%,7.27%
Kerala,2.24%,2.92%,2.18%,2.87%,2.15%,2.99%,2.34%,3.45%,2.10%,3.23%,2.03%,3.09%,2.07%,3.39%,2.36%,4.76%,1.88%,3.73%,1.64%,2.77%,1.77%,3.36%,2.00%,3.90%,2.22%,3.62%,1.97%,3.20%,1.99%,3.42%,1.88%,3.44%,1.82%,3.65%,1.68%,3.33%,1.79%,3.66%,3.02%,4.63%,2.71%,3.84%,2.60%,3.35%,3.05%,3.42%,3.74%,4.21%,3.69%,3.95%,3.68%,3.74%,3.75%,3.96%,4.01%,4.43%,4.05%,4.36%,3.98%,4.03%,4.06%,4.27%,4.20%,4.72%,4.56%,5.40%,3.94%,3.49%,4.52%,4.31%,4.78%,4.85%,4.61%,4.40%,4.73%,4.24%,4.66%,4.18%,5.64%,4.77%,5.89%,5.18%
Gujarat,6.33%,5.40%,6.00%,4.93%,5.28%,4.40%,4.73%,4.00%,4.04%,3.71%,3.71%,3.49%,3.40%,3.53%,3.22%,3.59%,3.03%,3.53%,2.84%,3.84%,2.52%,3.43%,2.57%,3.43%,3.12%,3.68%,2.91%,3.61%,2.82%,3.41%,2.80%,3.51%,2.46%,3.43%,2.30%,3.28%,2.35%,3.39%,3.80%,3.60%,3.56%,3.51%,3.60%,3.75%,3.85%,3.77%,4.09%,3.58%,4.20%,3.73%,4.18%,3.68%,4.14%,3.53%,4.06%,3.38%,3.98%,3.36%,3.92%,3.32%,4.02%,3.54%,3.94%,3.55%,3.93%,3.53%,4.26%,3.99%,3.92%,3.65%,4.04%,3.82%,4.05%,3.80%,4.02%,3.66%,4.22%,3.77%,4.54%,4.09%,4.11%,3.71%
Haryana,4.88%,4.69%,5.40%,5.36%,4.16%,4.01%,3.59%,3.51%,3.24%,3.23%,3.17%,3.22%,3.26%,3.57%,2.80%,3.25%,2.68%,3.45%,2.48%,3.37%,2.43%,3.75%,2.42%,3.51%,2.76%,3.61%,2.62%,3.64%,2.54%,3.45%,2.31%,3.20%,2.21%,3.33%,2.08%,3.27%,2.20%,3.50%,3.50%,3.60%,3.30%,3.67%,3.11%,3.76%,3.37%,3.69%,3.64%,3.62%,3.58%,3.59%,3.65%,3.70%,3.67%,3.59%,3.70%,3.59%,3.80%,3.56%,3.94%,3.77%,3.88%,3.79%,3.79%,3.63%,4.01%,4.02%,3.72%,3.81%,3.74%,4.15%,3.70%,4.09%,3.60%,5.03%,3.81%,6.48%,3.67%,5.63%,3.64%,5.29%,4.10%,5.92%
West Bengal,2.94%,3.22%,3.82%,3.52%,4.70%,3.61%,5.44%,3.81%,7.00%,3.63%,7.78%,4.11%,8.97%,4.14%,11.35%,5.02%,12.51%,6.08%,12.43%,4.59%,14.44%,4.92%,14.80%,5.07%,13.78%,4.68%,16.26%,4.98%,19.67%,5.22%,20.04%,5.20%,22.72%,5.53%,24.01%,6.04%,21.79%,5.84%,9.05%,4.45%,12.26%,5.47%,13.39%,4.90%,8.96%,4.07%,3.28%,3.58%,2.91%,3.64%,2.77%,3.53%,2.63%,3.47%,2.67%,3.54%,2.44%,3.23%,2.47%,3.25%,2.91%,3.46%,3.70%,3.64%,4.55%,4.76%,4.03%,3.49%,4.44%,3.41%,4.63%,3.45%,5.02%,3.44%,4.46%,3.47%,3.62%,3.36%,6.59%,3.58%,4.08%,2.74%
Andhra Pradesh,3.87%,4.62%,3.53%,4.28%,3.98%,4.63%,4.12%,4.57%,3.41%,3.94%,3.49%,4.25%,3.53%,4.43%,3.29%,3.88%,3.16%,3.76%,2.76%,3.29%,2.64%,3.37%,2.81%,3.89%,3.61%,4.77%,3.41%,4.44%,3.41%,4.69%,3.09%,4.13%,3.05%,4.08%,3.03%,4.50%,2.85%,4.34%,3.22%,4.38%,3.01%,3.89%,2.91%,3.94%,3.15%,3.52%,3.80%,4.29%,3.98%,4.69%,3.60%,4.13%,3.58%,4.15%,3.71%,4.33%,3.59%,4.21%,3.52%,4.35%,3.44%,4.21%,3.47%,4.09%,3.35%,3.88%,3.20%,3.75%,3.28%,3.81%,3.40%,4.18%,3.60%,4.59%,3.21%,3.80%,3.48%,3.98%,3.67%,3.87%,3.68%,4.01%
Punjab,3.87%,4.62%,3.93%,4.68%,3.54%,4.16%,2.80%,3.36%,2.40%,3.06%,2.21%,2.92%,2.19%,3.08%,1.80%,2.62%,1.84%,2.80%,1.68%,2.85%,1.67%,3.68%,1.70%,3.21%,1.92%,3.19%,1.74%,2.88%,1.73%,2.77%,1.48%,2.54%,1.48%,2.76%,1.37%,2.62%,1.44%,2.72%,2.30%,2.66%,2.16%,2.73%,2.08%,2.89%,2.29%,3.13%,2.45%,3.02%,2.47%,3.06%,2.46%,2.91%,2.50%,2.84%,2.55%,2.87%,2.59%,2.84%,2.61%,2.95%,2.69%,3.04%,2.64%,2.81%,2.71%,2.95%,2.64%,3.06%,2.72%,3.62%,2.64%,3.39%,2.65%,3.32%,2.58%,3.06%,2.56%,2.99%,2.68%,3.84%,3.04%,3.77%
Delhi,5.91%,5.84%,5.83%,5.73%,5.20%,5.05%,4.81%,4.78%,4.51%,4.59%,4.46%,4.87%,4.57%,5.25%,4.24%,5.24%,3.93%,5.20%,3.64%,5.07%,3.59%,5.40%,3.60%,4.92%,4.07%,4.95%,3.80%,4.83%,3.59%,4.59%,3.44%,4.41%,3.15%,4.41%,2.93%,4.47%,3.03%,4.66%,4.53%,4.54%,4.23%,4.66%,3.91%,4.42%,4.23%,4.47%,4.81%,4.64%,4.82%,4.66%,4.72%,4.64%,4.60%,4.41%,4.62%,4.27%,4.57%,4.04%,4.61%,4.33%,4.75%,4.46%,4.59%,4.44%,4.64%,4.55%,4.25%,4.22%,4.35%,4.55%,4.34%,4.39%,4.27%,4.77%,4.17%,4.76%,4.17%,5.05%,2.98%,2.97%,2.97%,3.26%
Odisha,1.92%,1.49%,2.72%,1.62%,3.39%,1.71%,3.70%,1.82%,4.59%,1.84%,6.08%,2.07%,7.71%,2.13%,8.36%,2.23%,8.72%,2.60%,9.00%,2.37%,9.19%,2.56%,9.56%,2.57%,8.39%,2.41%,9.09%,2.57%,8.45%,2.49%,8.73%,2.62%,10.55%,2.81%,12.05%,3.13%,12.31%,3.10%,4.53%,2.07%,4.85%,2.16%,4.39%,2.17%,2.85%,1.95%,2.03%,1.89%,2.03%,2.01%,2.04%,2.06%,1.97%,1.97%,1.94%,1.90%,1.55%,1.67%,1.86%,1.87%,1.89%,1.77%,2.19%,1.78%,2.36%,1.86%,2.33%,1.96%,2.72%,2.04%,2.70%,1.96%,2.77%,2.11%,2.51%,2.30%,2.30%,2.62%,2.64%,2.35%,2.50%,2.45%
Rajasthan,3.61%,3.75%,3.31%,3.47%,2.61%,2.85%,2.19%,2.53%,1.88%,2.45%,1.80%,2.54%,1.75%,2.63%,1.75%,2.68%,1.60%,2.53%,1.52%,2.51%,1.51%,2.63%,1.53%,2.55%,1.77%,2.77%,1.72%,2.62%,1.62%,2.43%,1.51%,2.37%,1.50%,2.55%,1.39%,2.63%,1.35%,2.53%,2.05%,2.55%,1.96%,2.64%,1.87%,2.58%,2.04%,2.64%,2.19%,2.64%,2.28%,2.80%,2.28%,2.72%,2.27%,2.61%,2.25%,2.61%,2.24%,2.59%,2.21%,2.76%,2.30%,2.76%,2.34%,2.60%,2.39%,2.59%,2.33%,2.58%,2.23%,2.65%,2.25%,2.74%,2.19%,2.58%,2.23%,2.57%,2.29%,2.58%,2.65%,3.48%,2.46%,2.79%
Madhya Pradesh,1.73%,1.87%,1.90%,2.01%,2.04%,2.16%,2.13%,2.20%,1.89%,2.07%,1.83%,1.95%,1.94%,2.22%,1.77%,2.01%,1.71%,1.97%,1.67%,2.30%,1.60%,2.31%,1.65%,2.22%,1.93%,2.33%,1.89%,2.48%,1.82%,2.46%,1.85%,2.71%,1.50%,2.30%,1.42%,2.31%,1.48%,2.35%,2.29%,2.34%,2.16%,2.36%,2.12%,2.49%,2.38%,2.58%,2.55%,2.51%,2.49%,2.52%,2.53%,2.56%,2.50%,2.53%,2.60%,2.66%,2.53%,2.54%,2.44%,2.49%,2.49%,2.48%,2.44%,2.35%,2.44%,2.30%,2.57%,2.59%,2.51%,2.54%,2.48%,2.45%,2.48%,2.47%,2.54%,2.48%,2.48%,2.49%,2.14%,2.84%,1.93%,2.31%
Uttarakhand,1.33%,1.25%,1.21%,1.11%,1.10%,1.09%,1.19%,1.22%,1.13%,1.17%,1.14%,1.30%,1.07%,1.15%,1.09%,1.31%,0.99%,1.23%,0.95%,1.39%,0.93%,1.43%,0.93%,1.30%,1.03%,1.30%,0.96%,1.29%,0.94%,1.28%,0.96%,1.32%,0.87%,1.26%,0.82%,1.25%,0.81%,1.15%,1.17%,1.18%,1.14%,1.22%,1.12%,1.29%,1.26%,1.38%,1.37%,1.29%,1.35%,1.26%,1.33%,1.23%,1.34%,1.26%,1.36%,1.27%,1.39%,1.26%,1.43%,1.37%,1.35%,1.25%,1.33%,1.24%,1.35%,1.26%,1.34%,1.35%,1.37%,1.45%,1.32%,1.28%,1.26%,1.23%,1.29%,1.18%,1.30%,1.20%,1.23%,1.05%,1.39%,1.26%
Assam,0.66%,0.81%,0.69%,0.86%,0.71%,0.90%,0.77%,0.95%,0.72%,0.85%,0.80%,0.99%,0.98%,1.10%,1.06%,1.03%,1.51%,1.34%,2.35%,1.11%,3.62%,1.40%,2.88%,1.35%,2.11%,1.22%,2.95%,1.21%,3.34%,1.27%,4.81%,1.45%,5.15%,1.43%,5.30%,1.57%,6.62%,1.81%,2.38%,1.11%,3.54%,1.32%,4.18%,1.38%,2.22%,1.12%,0.87%,1.02%,0.83%,1.01%,0.84%,1.01%,0.86%,1.04%,0.92%,1.12%,0.84%,0.94%,0.89%,1.00%,0.91%,1.06%,0.90%,1.05%,0.97%,1.20%,0.92%,1.00%,0.95%,1.02%,0.72%,0.78%,1.00%,1.00%,0.96%,1.02%,0.95%,1.04%,1.43%,1.16%,1.38%,1.22%
Chattisgarh,0.68%,0.81%,0.80%,0.86%,0.88%,0.92%,0.95%,1.04%,0.92%,1.05%,0.89%,0.99%,0.89%,1.03%,0.86%,1.04%,0.83%,1.00%,0.81%,1.16%,0.70%,1.06%,0.72%,1.03%,0.77%,1.06%,0.64%,1.05%,0.73%,1.07%,0.77%,1.16%,0.68%,1.09%,0.71%,1.13%,0.79%,1.10%,0.93%,1.08%,0.90%,1.10%,0.86%,1.12%,0.92%,1.16%,0.98%,1.13%,0.98%,1.18%,0.96%,1.19%,0.94%,1.17%,0.97%,1.16%,0.95%,1.12%,0.96%,1.09%,0.97%,1.10%,0.98%,1.09%,0.95%,1.05%,1.06%,1.22%,1.00%,1.09%,1.00%,1.10%,0.96%,1.07%,0.93%,1.06%,0.92%,1.02%,1.22%,1.18%,1.22%,1.33%
Bihar,1.00%,1.36%,1.21%,1.60%,1.43%,1.77%,1.62%,1.80%,1.99%,2.12%,1.98%,1.87%,1.98%,1.45%,1.69%,1.34%,1.62%,1.50%,1.32%,1.65%,1.49%,1.74%,1.92%,1.47%,3.17%,1.51%,2.08%,1.88%,2.37%,2.10%,2.52%,2.60%,2.71%,2.09%,3.07%,2.03%,3.03%,1.64%,1.12%,1.37%,1.00%,1.36%,0.96%,1.41%,1.11%,1.71%,1.07%,1.48%,0.99%,1.45%,1.01%,1.59%,1.06%,1.67%,1.07%,1.77%,1.15%,1.92%,1.09%,1.74%,0.96%,1.37%,1.00%,1.44%,0.91%,1.31%,1.15%,1.73%,1.14%,1.79%,1.10%,1.55%,1.07%,1.52%,1.09%,1.71%,1.08%,1.66%,1.10%,1.45%,1.08%,1.58%
Goa,0.40%,0.46%,0.43%,0.49%,0.43%,0.52%,0.44%,0.51%,0.43%,0.56%,0.41%,0.53%,0.41%,0.57%,0.40%,0.59%,0.35%,0.53%,0.36%,0.55%,0.36%,0.58%,0.38%,0.62%,0.43%,0.61%,0.39%,0.59%,0.38%,0.55%,0.35%,0.52%,0.34%,0.61%,0.30%,0.56%,0.30%,0.57%,0.49%,0.60%,0.49%,0.69%,0.47%,0.61%,0.56%,0.67%,0.62%,0.72%,0.62%,0.68%,0.64%,0.68%,0.62%,0.64%,0.62%,0.64%,0.65%,0.72%,0.64%,0.69%,0.62%,0.69%,0.62%,0.70%,0.61%,0.67%,0.62%,0.63%,0.69%,0.72%,0.72%,0.78%,0.68%,0.69%,0.69%,0.68%,0.66%,0.61%,0.78%,0.58%,0.88%,0.69%
Jharkhand,0.68%,0.84%,0.75%,0.96%,0.77%,1.03%,0.76%,1.07%,0.71%,1.02%,0.71%,1.07%,0.65%,0.97%,0.65%,1.05%,0.69%,1.22%,0.57%,1.09%,0.61%,1.19%,0.62%,1.11%,0.70%,1.09%,0.69%,1.21%,0.70%,1.19%,0.70%,1.33%,0.60%,1.13%,0.59%,1.14%,0.58%,1.12%,0.85%,1.10%,0.79%,1.15%,0.83%,1.19%,0.85%,1.14%,0.92%,1.13%,0.85%,1.07%,0.84%,1.09%,0.88%,1.09%,0.93%,1.20%,0.92%,1.16%,0.92%,1.09%,0.92%,1.10%,0.93%,1.11%,0.96%,1.19%,0.98%,1.20%,0.97%,1.23%,0.96%,1.19%,0.97%,1.22%,1.00%,1.30%,1.06%,1.30%,0.98%,1.13%,0.87%,0.97%
Himachal Pradesh,0.44%,0.60%,0.48%,0.68%,0.48%,0.70%,0.50%,0.74%,0.47%,0.74%,0.49%,0.80%,0.46%,0.78%,0.44%,0.81%,0.44%,0.91%,0.43%,0.93%,0.41%,0.95%,0.47%,0.85%,0.68%,0.85%,0.45%,0.89%,0.44%,0.85%,0.41%,0.83%,0.40%,0.89%,0.38%,0.92%,0.37%,0.88%,0.56%,0.86%,0.55%,0.95%,0.56%,1.00%,0.63%,1.01%,0.66%,0.98%,0.62%,0.88%,0.61%,0.89%,0.61%,0.87%,0.67%,0.97%,0.67%,0.92%,0.71%,1.03%,0.66%,1.00%,0.63%,0.92%,0.67%,1.04%,0.71%,1.12%,0.67%,1.04%,0.65%,0.98%,0.62%,0.90%,0.65%,0.99%,0.64%,0.92%,0.60%,0.87%,0.78%,1.15%
Chandigarh,0.51%,0.62%,0.53%,0.62%,0.53%,0.62%,0.50%,0.56%,0.46%,0.53%,0.46%,0.59%,0.50%,0.79%,0.42%,0.67%,0.42%,0.72%,0.37%,0.70%,0.38%,0.79%,0.39%,0.71%,0.46%,0.81%,0.43%,0.68%,0.41%,0.66%,0.36%,0.62%,0.35%,0.62%,0.33%,0.61%,0.36%,0.83%,0.55%,0.71%,0.52%,0.74%,0.49%,0.70%,0.54%,0.73%,0.61%,0.73%,0.64%,0.82%,0.61%,0.71%,0.60%,0.68%,0.60%,0.65%,0.61%,0.62%,0.61%,0.64%,0.66%,0.83%,0.61%,0.70%,0.62%,0.70%,0.58%,0.69%,0.60%,0.78%,0.60%,0.76%,0.58%,0.74%,0.57%,0.63%,0.51%,0.53%,0.21%,0.20%,0.42%,0.43%
Pondicherry,0.37%,0.42%,0.32%,0.38%,0.29%,0.35%,0.29%,0.35%,0.27%,0.36%,0.26%,0.37%,0.24%,0.33%,0.24%,0.36%,0.21%,0.33%,0.22%,0.35%,0.19%,0.30%,0.21%,0.33%,0.25%,0.36%,0.21%,0.31%,0.22%,0.33%,0.20%,0.32%,0.19%,0.35%,0.18%,0.33%,0.19%,0.34%,0.30%,0.37%,0.29%,0.36%,0.29%,0.36%,0.34%,0.35%,0.38%,0.37%,0.38%,0.38%,0.38%,0.37%,0.38%,0.37%,0.38%,0.37%,0.40%,0.40%,0.38%,0.37%,0.39%,0.39%,0.38%,0.40%,0.37%,0.38%,0.39%,0.37%,0.36%,0.34%,0.39%,0.38%,0.39%,0.39%,0.38%,0.36%,0.40%,0.35%,0.34%,0.24%,0.41%,0.43%
Jammu & Kashmir,0.12%,0.20%,0.13%,0.23%,0.14%,0.23%,0.14%,0.23%,0.14%,0.23%,0.15%,0.26%,0.15%,0.27%,0.14%,0.27%,0.14%,0.28%,0.13%,0.29%,0.14%,0.31%,0.14%,0.29%,0.16%,0.30%,0.14%,0.29%,0.14%,0.28%,0.13%,0.26%,0.12%,0.26%,0.12%,0.27%,0.12%,0.30%,0.19%,0.29%,0.18%,0.31%,0.18%,0.33%,0.21%,0.34%,0.24%,0.34%,0.25%,0.34%,0.19%,0.27%,0.23%,0.31%,0.25%,0.33%,0.24%,0.32%,0.27%,0.38%,0.27%,0.39%,0.07%,0.13%,0.05%,0.12%,0.07%,0.16%,0.08%,0.18%,0.09%,0.18%,0.09%,0.17%,0.10%,0.17%,0.11%,0.16%,0.12%,0.13%,0.13%,0.16%
Tripura,0.07%,0.10%,0.07%,0.11%,0.06%,0.10%,0.07%,0.13%,0.06%,0.10%,0.07%,0.12%,0.07%,0.13%,0.06%,0.14%,0.09%,0.25%,0.05%,0.17%,0.06%,0.13%,0.07%,0.15%,0.08%,0.18%,0.06%,0.15%,0.06%,0.13%,0.07%,0.16%,0.06%,0.13%,0.05%,0.12%,0.06%,0.15%,0.09%,0.17%,0.09%,0.15%,0.10%,0.19%,0.09%,0.15%,0.09%,0.13%,0.08%,0.14%,0.08%,0.12%,0.08%,0.12%,0.09%,0.13%,0.08%,0.13%,0.08%,0.11%,0.08%,0.13%,0.09%,0.13%,0.11%,0.16%,0.09%,0.14%,0.08%,0.11%,0.08%,0.11%,0.09%,0.14%,0.09%,0.12%,0.09%,0.12%,0.09%,0.11%,0.10%,0.14%
Sikkim,0.03%,0.05%,0.03%,0.06%,0.03%,0.06%,0.04%,0.06%,0.03%,0.05%,0.03%,0.06%,0.03%,0.06%,0.03%,0.06%,0.04%,0.09%,0.02%,0.06%,0.02%,0.06%,0.02%,0.06%,0.02%,0.05%,0.02%,0.05%,0.02%,0.05%,0.02%,0.06%,0.02%,0.06%,0.02%,0.07%,0.02%,0.07%,0.03%,0.06%,0.03%,0.07%,0.04%,0.10%,0.04%,0.07%,0.04%,0.08%,0.04%,0.08%,0.04%,0.07%,0.04%,0.08%,0.04%,0.08%,0.05%,0.09%,0.05%,0.10%,0.05%,0.10%,0.05%,0.09%,0.06%,0.13%,0.06%,0.14%,0.05%,0.10%,0.06%,0.11%,0.05%,0.09%,0.05%,0.09%,0.05%,0.09%,0.04%,0.06%,0.08%,0.15%
Daman & Diu,0.15%,0.08%,0.16%,0.09%,0.15%,0.09%,0.12%,0.07%,0.11%,0.07%,0.09%,0.06%,0.09%,0.06%,0.09%,0.06%,0.08%,0.06%,0.08%,0.07%,0.07%,0.06%,0.07%,0.06%,0.10%,0.07%,0.09%,0.07%,0.10%,0.07%,0.10%,0.07%,0.09%,0.08%,0.08%,0.07%,0.08%,0.06%,0.10%,0.06%,0.10%,0.07%,0.10%,0.06%,0.12%,0.07%,0.12%,0.06%,0.12%,0.06%,0.11%,0.06%,0.11%,0.06%,0.09%,0.05%,0.11%,0.06%,0.10%,0.06%,0.10%,0.05%,0.10%,0.05%,0.10%,0.05%,0.11%,0.06%,0.10%,0.05%,0.11%,0.06%,0.11%,0.06%,0.11%,0.06%,0.11%,0.06%,0.07%,0.05%,0.07%,0.05%
Meghalaya,0.05%,0.08%,0.06%,0.09%,0.05%,0.09%,0.05%,0.08%,0.05%,0.08%,0.05%,0.08%,0.05%,0.10%,0.05%,0.09%,0.05%,0.10%,0.04%,0.09%,0.12%,0.10%,0.08%,0.12%,0.04%,0.09%,0.06%,0.08%,0.23%,0.10%,0.22%,0.10%,0.14%,0.10%,0.11%,0.07%,0.12%,0.10%,0.05%,0.09%,0.06%,0.11%,0.06%,0.11%,0.06%,0.09%,0.06%,0.11%,0.05%,0.09%,0.05%,0.10%,0.05%,0.10%,0.06%,0.10%,0.06%,0.09%,0.06%,0.10%,0.06%,0.11%,0.06%,0.11%,0.06%,0.12%,0.06%,0.10%,0.07%,0.12%,0.05%,0.10%,0.06%,0.11%,0.06%,0.12%,0.05%,0.10%,0.05%,0.12%,0.06%,0.12%
Arunachal Pradesh,0.01%,0.01%,0.01%,0.01%,0.01%,0.02%,0.02%,0.03%,0.02%,0.04%,0.01%,0.03%,0.01%,0.03%,0.01%,0.02%,0.01%,0.03%,0.02%,0.03%,0.01%,0.03%,0.02%,0.04%,0.02%,0.04%,0.01%,0.03%,0.01%,0.04%,0.02%,0.05%,0.02%,0.05%,0.01%,0.05%,0.01%,0.05%,0.02%,0.05%,0.02%,0.05%,0.02%,0.05%,0.02%,0.05%,0.03%,0.05%,0.03%,0.05%,0.02%,0.04%,0.03%,0.06%,0.03%,0.06%,0.03%,0.06%,0.03%,0.06%,0.03%,0.06%,0.03%,0.06%,0.03%,0.06%,0.03%,0.06%,0.03%,0.06%,0.03%,0.07%,0.04%,0.07%,0.04%,0.07%,0.04%,0.06%,0.04%,0.07%,0.06%,0.11%
Manipur,0.02%,0.05%,0.02%,0.04%,0.02%,0.03%,0.02%,0.04%,0.02%,0.04%,0.02%,0.05%,0.02%,0.05%,0.02%,0.05%,0.02%,0.05%,0.02%,0.05%,0.02%,0.05%,0.02%,0.06%,0.02%,0.05%,0.02%,0.05%,0.02%,0.05%,0.02%,0.05%,0.02%,0.06%,0.02%,0.05%,0.01%,0.05%,0.03%,0.06%,0.02%,0.05%,0.03%,0.06%,0.05%,0.07%,0.03%,0.06%,0.03%,0.06%,0.03%,0.05%,0.03%,0.05%,0.03%,0.05%,0.03%,0.04%,0.03%,0.05%,0.03%,0.06%,0.03%,0.05%,0.03%,0.06%,0.03%,0.05%,0.03%,0.05%,0.03%,0.06%,0.03%,0.05%,0.03%,0.06%,0.03%,0.06%,0.08%,0.13%,0.05%,0.08%
Mizoram,0.00%,0.01%,0.00%,0.01%,0.00%,0.01%,0.00%,0.01%,0.00%,0.01%,0.01%,0.01%,0.01%,0.01%,0.01%,0.01%,0.01%,0.01%,0.01%,0.01%,0.01%,0.02%,0.01%,0.02%,0.01%,0.01%,0.01%,0.01%,0.01%,0.02%,0.01%,0.02%,0.01%,0.02%,0.01%,0.02%,0.01%,0.02%,0.01%,0.02%,0.01%,0.02%,0.01%,0.03%,0.01%,0.02%,0.01%,0.03%,0.01%,0.02%,0.01%,0.02%,0.01%,0.02%,0.01%,0.02%,0.01%,0.02%,0.01%,0.02%,0.01%,0.02%,0.01%,0.02%,0.01%,0.03%,0.01%,0.02%,0.01%,0.03%,0.01%,0.03%,0.01%,0.03%,0.01%,0.03%,0.01%,0.03%,0.01%,0.04%,0.02%,0.05%
Nagaland,0.01%,0.01%,0.00%,0.01%,0.01%,0.02%,0.01%,0.02%,0.01%,0.02%,0.01%,0.02%,0.01%,0.02%,0.01%,0.02%,0.01%,0.02%,0.01%,0.02%,0.01%,0.02%,0.01%,0.02%,0.01%,0.02%,0.01%,0.01%,0.01%,0.02%,0.01%,0.02%,0.01%,0.01%,0.01%,0.02%,0.01%,0.02%,0.01%,0.02%,0.01%,0.02%,0.01%,0.02%,0.01%,0.02%,0.01%,0.02%,0.01%,0.02%,0.01%,0.02%,0.01%,0.02%,0.01%,0.02%,0.01%,0.02%,0.01%,0.02%,0.01%,0.02%,0.01%,0.02%,0.01%,0.02%,0.01%,0.02%,0.01%,0.02%,0.01%,0.03%,0.01%,0.02%,0.01%,0.02%,0.01%,0.02%,0.01%,0.02%,0.02%,0.03%
Andaman & Nicobar Islands,0.01%,0.02%,0.02%,0.03%,0.02%,0.03%,0.02%,0.03%,0.02%,0.03%,0.02%,0.03%,0.01%,0.03%,0.08%,0.06%,0.13%,0.10%,0.11%,0.08%,0.10%,0.09%,0.09%,0.09%,0.04%,0.06%,0.03%,0.05%,0.03%,0.04%,0.02%,0.04%,0.02%,0.04%,0.02%,0.04%,0.02%,0.04%,0.03%,0.04%,0.02%,0.04%,0.02%,0.04%,0.03%,0.04%,0.03%,0.04%,0.03%,0.04%,0.03%,0.04%,0.02%,0.04%,0.02%,0.03%,0.02%,0.04%,0.02%,0.03%,0.02%,0.04%,0.02%,0.03%,0.02%,0.03%,0.02%,0.03%,0.02%,0.03%,0.02%,0.03%,0.02%,0.03%,0.02%,0.03%,0.02%,0.03%,0.01%,0.02%,0.01%,0.02%
Dadra & Nagar Haveli,0.01%,0.00%,0.01%,0.01%,0.01%,0.00%,0.01%,0.00%,0.00%,0.00%,0.00%,0.00%,0.00%,0.01%,0.00%,0.01%,0.00%,0.01%,0.00%,0.01%,0.00%,0.01%,0.00%,0.00%,0.00%,0.00%,0.00%,0.00%,0.00%,0.00%,0.00%,0.00%,0.00%,0.00%,0.00%,0.00%,0.00%,0.00%,0.00%,0.00%,0.00%,0.00%,0.00%,0.00%,0.01%,0.01%,0.01%,0.00%,0.01%,0.00%,0.01%,0.00%,0.01%,0.00%,0.00%,0.00%,0.00%,0.00%,0.01%,0.00%,0.01%,0.00%,0.00%,0.00%,0.00%,0.00%,0.01%,0.00%,0.01%,0.00%,0.01%,0.00%,0.00%,0.00%,0.00%,0.00%,0.00%,0.00%,0.00%,0.00%,0.00%,0.01%
Lakshadweep,0.00%,0.00%,0.00%,0.00%,0.00%,0.00%,0.00%,0.00%,0.00%,0.00%,0.00%,0.00%,0.00%,0.00%,0.00%,0.00%,0.00%,0.00%,0.00%,0.00%,0.00%,0.00%,0.00%,0.00%,0.00%,0.00%,0.00%,0.00%,0.00%,0.00%,0.00%,0.00%,0.00%,0.00%,0.00%,0.00%,0.00%,0.00%,0.00%,0.00%,0.00%,0.00%,0.00%,0.00%,0.00%,0.00%,0.00%,0.00%,0.00%,0.00%,0.00%,0.00%,0.00%,0.00%,0.00%,0.00%,0.00%,0.00%,0.00%,0.00%,0.00%,0.00%,0.00%,0.00%,0.00%,0.00%,0.00%,0.00%,0.00%,0.00%,0.00%,0.00%,0.00%,0.00%,0.00%,0.00%,0.00%,0.00%,0.00%,0.00%,0.00%,0.00%
Others,1.73%,1.60%,1.70%,1.61%,1.70%,1.59%,1.75%,1.58%,1.92%,1.62%,2.07%,1.68%,2.55%,1.70%,3.11%,1.76%,4.48%,1.92%,2.85%,1.73%,3.33%,1.90%,2.88%,1.97%,2.43%,1.87%,2.58%,1.78%,0.91%,1.09%,0.91%,1.05%,0.89%,1.09%,0.86%,1.07%,0.85%,1.05%,1.23%,1.06%,1.41%,1.06%,1.81%,1.10%,1.42%,1.03%,0.98%,1.00%,0.98%,0.96%,0.99%,0.97%,0.99%,0.99%,1.00%,0.97%,0.98%,0.95%,0.97%,0.97%,0.95%,0.95%,0.91%,0.92%,0.93%,0.95%,0.96%,0.97%,0.94%,0.98%,0.89%,0.94%,0.89%,0.92%,0.89%,0.91%,0.93%,0.93%,1.06%,1.22%,1.03%,1.08%